{"schemaVersion":"1.0","appDefinitionTemplate":{"id":"/providers/Microsoft.PowerApps/apps/","type":"Microsoft.PowerApps/apps","tags":{"primaryDeviceWidth":"1366","primaryDeviceHeight":"200","supportsPortrait":"true","supportsLandscape":"true","primaryFormFactor":"Tablet","publisherVersion":"3.22103.25","minimumRequiredApiVersion":"2.2.0","hasComponent":"false","hasUnlockedComponent":"false","isUnifiedRootApp":"false","sienaVersion":"20221107T133330Z-3.22103.25.0"},"properties":{"appVersion":"2022-11-07T13:33:30Z","lifeCycleId":"Published","createdByClientVersion":{"major":3,"minor":22103,"build":25,"revision":0,"majorRevision":0,"minorRevision":0},"minClientVersion":{"major":3,"minor":22103,"build":25,"revision":0,"majorRevision":0,"minorRevision":0},"backgroundColor":"rgba(255, 191, 0, 1)","backgroundImageUri":"/15306124116666716097/Nef593a65-50f7-4c69-96a8-a0faece6f7e2-logoSmallFile","displayName":"AFC-DEVCOM-AC-Fusion_Cell-Chyron","description":"","commitMessage":"","appUris":{"documentUri":{"value":"/15306124116666716097/N8efb0666-8bed-433a-a56b-a964cf222ca7-document.msapp"},"imageUris":[],"additionalUris":[]},"createdTime":"0001-01-01T00:00:00Z","lastModifiedTime":"0001-01-01T00:00:00Z","sharedGroupsCount":0,"sharedUsersCount":0,"icons":{"smallIconUri":"/15306124116666716097/N38392a67-6381-4a40-b56f-ca5d9df1cbb9-small.png","mediumIconUri":"/15306124116666716097/Nb02dc10e-9a4f-4488-b1ae-218d5ae4b8b2-medium.png","largeIconUri":"/15306124116666716097/Nf26ec79d-f5c5-4faf-b57c-b6aa367664d9-large.png","wideIconUri":"/15306124116666716097/N3dd829bd-7baa-4a04-ada8-48f2ea61afbd-wide.png"},"connectionReferences":{},"databaseReferences":{},"almMode":"Environment","performanceOptimizationEnabled":false,"canConsumeAppPass":true,"enableModernRuntimeMode":false,"executionRestrictions":{"isTeamsOnly":false,"dataLossPreventionEvaluationResult":{"status":"Compliant","lastEvaluationDate":"2022-09-08T18:18:06.1407187Z","violations":[],"violationsByPolicy":[],"violationErrorMessage":"The app uses the following connectors: ."}}},"appType":"ClassicCanvasApp","appComponents":[]}}