{"schemaVersion":"1.0","appDefinitionTemplate":{"id":"/providers/Microsoft.PowerApps/apps/","type":"Microsoft.PowerApps/apps","tags":{"primaryDeviceWidth":"1040","primaryDeviceHeight":"100","supportsPortrait":"true","supportsLandscape":"true","primaryFormFactor":"Tablet","publisherVersion":"3.22091.11","minimumRequiredApiVersion":"2.2.0","hasComponent":"false","hasUnlockedComponent":"false","isUnifiedRootApp":"false","sienaVersion":"20220929T190826Z-3.22091.11.0"},"properties":{"appVersion":"2022-09-29T19:08:26Z","lifeCycleId":"Published","createdByClientVersion":{"major":3,"minor":22091,"build":11,"revision":0,"majorRevision":0,"minorRevision":0},"minClientVersion":{"major":3,"minor":22091,"build":11,"revision":0,"majorRevision":0,"minorRevision":0},"backgroundColor":"rgba(255, 191, 0, 1)","backgroundImageUri":"/18402472146297403539/N5bfd6d99-9b93-4da7-9fbc-26e16a4fce15-logoSmallFile","displayName":"AFC-DEVCOM-AC-Fusion_Cell-Time_Zones","description":"","commitMessage":"","appUris":{"documentUri":{"value":"/18402472146297403539/N7e80d5ef-8f35-427b-809d-ca902dceb86a-document.msapp"},"imageUris":[],"additionalUris":[]},"createdTime":"0001-01-01T00:00:00Z","lastModifiedTime":"0001-01-01T00:00:00Z","sharedGroupsCount":0,"sharedUsersCount":0,"icons":{"smallIconUri":"/18402472146297403539/N4d2be1cf-4aa8-485f-b3ac-d2ca330f07f4-small.png","mediumIconUri":"/18402472146297403539/N77e4520c-6aa7-421d-b6b7-e04899354946-medium.png","largeIconUri":"/18402472146297403539/N318710c9-cdea-4e75-b192-9fd360fd9a9c-large.png","wideIconUri":"/18402472146297403539/Na5f8b327-6573-4a34-823a-c73a8b4bd188-wide.png"},"connectionReferences":{},"databaseReferences":{},"almMode":"Environment","performanceOptimizationEnabled":true,"canConsumeAppPass":true,"enableModernRuntimeMode":false,"executionRestrictions":{"isTeamsOnly":false,"dataLossPreventionEvaluationResult":{"status":"Compliant","lastEvaluationDate":"2022-09-29T17:46:40.5336276Z","violations":[],"violationsByPolicy":[],"violationErrorMessage":"The app uses the following connectors: ."}}},"appType":"ClassicCanvasApp","appComponents":[]}}